[{"commands_raw":"tschk' your lack of resolve only proves you to be weak.\n\n?> \"Would it hurt you to be a bit nicer?\" -> nicer please\n\n?> [Intimidation] \"TSCHK' I find your judgement weak!\" -> no you are weak","gnode_name":"start","id":0,"name":"start","position":[144,270.5]},{"commands_raw":"If I was any \"NICER\", we wouldn't survive another minute.\n\n?> okay.. nevermind. -> end","gnode_name":"nicer please","id":1,"name":"nicer please","position":[260,100]},{"commands_raw":"signal(roll,intimidation, 10)\n---\n[You rolled a ${roll}]\n$if roll >= 15 {\nWell, you surprise me ga'hik... I might even want to have you.\n}\n$else {\nDon't even try it ga'hik!\n}\n","gnode_name":"no you are weak","id":2,"name":"no you are weak","position":[280,360]},{"commands_raw":"the end","gnode_name":"end","id":3,"name":"end","position":[480,200]}]